calender[Date],calender[year],calender[Month],calender[weeknum],calender[weekstartdate],calender[weekenddate],calender[weekrank],calender[monthno],calender[month start date],calender[Month End Date],calender[Monthrank]
"25-01-2021 0:00:00","2021","Jan","5","25-01-2021 0:00:00","24-01-2021 0:00:00","1","1","25-01-2021 0:00:00","31-01-2021 0:00:00","1"
"26-01-2021 0:00:00","2021","Jan","5","25-01-2021 0:00:00","24-01-2021 0:00:00","1","1","25-01-2021 0:00:00","31-01-2021 0:00:00","1"
"27-01-2021 0:00:00","2021","Jan","5","25-01-2021 0:00:00","24-01-2021 0:00:00","1","1","25-01-2021 0:00:00","31-01-2021 0:00:00","1"
"28-01-2021 0:00:00","2021","Jan","5","25-01-2021 0:00:00","24-01-2021 0:00:00","1","1","25-01-2021 0:00:00","31-01-2021 0:00:00","1"
"29-01-2021 0:00:00","2021","Jan","5","25-01-2021 0:00:00","24-01-2021 0:00:00","1","1","25-01-2021 0:00:00","31-01-2021 0:00:00","1"
"30-01-2021 0:00:00","2021","Jan","5","25-01-2021 0:00:00","24-01-2021 0:00:00","1","1","25-01-2021 0:00:00","31-01-2021 0:00:00","1"
"31-01-2021 0:00:00","2021","Jan","6","25-01-2021 0:00:00","24-01-2021 0:00:00","1","1","25-01-2021 0:00:00","31-01-2021 0:00:00","1"
"01-02-2021 0:00:00","2021","Feb","6","01-02-2021 0:00:00","31-01-2021 0:00:00","2","2","01-02-2021 0:00:00","28-02-2021 0:00:00","2"
"02-02-2021 0:00:00","2021","Feb","6","01-02-2021 0:00:00","31-01-2021 0:00:00","2","2","01-02-2021 0:00:00","28-02-2021 0:00:00","2"
"03-02-2021 0:00:00","2021","Feb","6","01-02-2021 0:00:00","31-01-2021 0:00:00","2","2","01-02-2021 0:00:00","28-02-2021 0:00:00","2"
"04-02-2021 0:00:00","2021","Feb","6","01-02-2021 0:00:00","31-01-2021 0:00:00","2","2","01-02-2021 0:00:00","28-02-2021 0:00:00","2"
"05-02-2021 0:00:00","2021","Feb","6","01-02-2021 0:00:00","31-01-2021 0:00:00","2","2","01-02-2021 0:00:00","28-02-2021 0:00:00","2"
"06-02-2021 0:00:00","2021","Feb","6","01-02-2021 0:00:00","31-01-2021 0:00:00","2","2","01-02-2021 0:00:00","28-02-2021 0:00:00","2"
"07-02-2021 0:00:00","2021","Feb","7","01-02-2021 0:00:00","31-01-2021 0:00:00","2","2","01-02-2021 0:00:00","28-02-2021 0:00:00","2"
"08-02-2021 0:00:00","2021","Feb","7","08-02-2021 0:00:00","07-02-2021 0:00:00","3","2","01-02-2021 0:00:00","28-02-2021 0:00:00","2"
"09-02-2021 0:00:00","2021","Feb","7","08-02-2021 0:00:00","07-02-2021 0:00:00","3","2","01-02-2021 0:00:00","28-02-2021 0:00:00","2"
"10-02-2021 0:00:00","2021","Feb","7","08-02-2021 0:00:00","07-02-2021 0:00:00","3","2","01-02-2021 0:00:00","28-02-2021 0:00:00","2"
"11-02-2021 0:00:00","2021","Feb","7","08-02-2021 0:00:00","07-02-2021 0:00:00","3","2","01-02-2021 0:00:00","28-02-2021 0:00:00","2"
"12-02-2021 0:00:00","2021","Feb","7","08-02-2021 0:00:00","07-02-2021 0:00:00","3","2","01-02-2021 0:00:00","28-02-2021 0:00:00","2"
"13-02-2021 0:00:00","2021","Feb","7","08-02-2021 0:00:00","07-02-2021 0:00:00","3","2","01-02-2021 0:00:00","28-02-2021 0:00:00","2"
"14-02-2021 0:00:00","2021","Feb","8","08-02-2021 0:00:00","07-02-2021 0:00:00","3","2","01-02-2021 0:00:00","28-02-2021 0:00:00","2"
"15-02-2021 0:00:00","2021","Feb","8","15-02-2021 0:00:00","14-02-2021 0:00:00","4","2","01-02-2021 0:00:00","28-02-2021 0:00:00","2"
"16-02-2021 0:00:00","2021","Feb","8","15-02-2021 0:00:00","14-02-2021 0:00:00","4","2","01-02-2021 0:00:00","28-02-2021 0:00:00","2"
"17-02-2021 0:00:00","2021","Feb","8","15-02-2021 0:00:00","14-02-2021 0:00:00","4","2","01-02-2021 0:00:00","28-02-2021 0:00:00","2"
"18-02-2021 0:00:00","2021","Feb","8","15-02-2021 0:00:00","14-02-2021 0:00:00","4","2","01-02-2021 0:00:00","28-02-2021 0:00:00","2"
"19-02-2021 0:00:00","2021","Feb","8","15-02-2021 0:00:00","14-02-2021 0:00:00","4","2","01-02-2021 0:00:00","28-02-2021 0:00:00","2"
"20-02-2021 0:00:00","2021","Feb","8","15-02-2021 0:00:00","14-02-2021 0:00:00","4","2","01-02-2021 0:00:00","28-02-2021 0:00:00","2"
"21-02-2021 0:00:00","2021","Feb","9","15-02-2021 0:00:00","14-02-2021 0:00:00","4","2","01-02-2021 0:00:00","28-02-2021 0:00:00","2"
"22-02-2021 0:00:00","2021","Feb","9","22-02-2021 0:00:00","21-02-2021 0:00:00","5","2","01-02-2021 0:00:00","28-02-2021 0:00:00","2"
"23-02-2021 0:00:00","2021","Feb","9","22-02-2021 0:00:00","21-02-2021 0:00:00","5","2","01-02-2021 0:00:00","28-02-2021 0:00:00","2"
"24-02-2021 0:00:00","2021","Feb","9","22-02-2021 0:00:00","21-02-2021 0:00:00","5","2","01-02-2021 0:00:00","28-02-2021 0:00:00","2"
"25-02-2021 0:00:00","2021","Feb","9","22-02-2021 0:00:00","21-02-2021 0:00:00","5","2","01-02-2021 0:00:00","28-02-2021 0:00:00","2"
"26-02-2021 0:00:00","2021","Feb","9","22-02-2021 0:00:00","21-02-2021 0:00:00","5","2","01-02-2021 0:00:00","28-02-2021 0:00:00","2"
"27-02-2021 0:00:00","2021","Feb","9","22-02-2021 0:00:00","21-02-2021 0:00:00","5","2","01-02-2021 0:00:00","28-02-2021 0:00:00","2"
"28-02-2021 0:00:00","2021","Feb","10","22-02-2021 0:00:00","21-02-2021 0:00:00","5","2","01-02-2021 0:00:00","28-02-2021 0:00:00","2"
"01-03-2021 0:00:00","2021","Mar","10","01-03-2021 0:00:00","28-02-2021 0:00:00","6","3","01-03-2021 0:00:00","31-03-2021 0:00:00","3"
"02-03-2021 0:00:00","2021","Mar","10","01-03-2021 0:00:00","28-02-2021 0:00:00","6","3","01-03-2021 0:00:00","31-03-2021 0:00:00","3"
"03-03-2021 0:00:00","2021","Mar","10","01-03-2021 0:00:00","28-02-2021 0:00:00","6","3","01-03-2021 0:00:00","31-03-2021 0:00:00","3"
"04-03-2021 0:00:00","2021","Mar","10","01-03-2021 0:00:00","28-02-2021 0:00:00","6","3","01-03-2021 0:00:00","31-03-2021 0:00:00","3"
"05-03-2021 0:00:00","2021","Mar","10","01-03-2021 0:00:00","28-02-2021 0:00:00","6","3","01-03-2021 0:00:00","31-03-2021 0:00:00","3"
"06-03-2021 0:00:00","2021","Mar","10","01-03-2021 0:00:00","28-02-2021 0:00:00","6","3","01-03-2021 0:00:00","31-03-2021 0:00:00","3"
"07-03-2021 0:00:00","2021","Mar","11","01-03-2021 0:00:00","28-02-2021 0:00:00","6","3","01-03-2021 0:00:00","31-03-2021 0:00:00","3"
"08-03-2021 0:00:00","2021","Mar","11","08-03-2021 0:00:00","07-03-2021 0:00:00","7","3","01-03-2021 0:00:00","31-03-2021 0:00:00","3"
"09-03-2021 0:00:00","2021","Mar","11","08-03-2021 0:00:00","07-03-2021 0:00:00","7","3","01-03-2021 0:00:00","31-03-2021 0:00:00","3"
"10-03-2021 0:00:00","2021","Mar","11","08-03-2021 0:00:00","07-03-2021 0:00:00","7","3","01-03-2021 0:00:00","31-03-2021 0:00:00","3"
"11-03-2021 0:00:00","2021","Mar","11","08-03-2021 0:00:00","07-03-2021 0:00:00","7","3","01-03-2021 0:00:00","31-03-2021 0:00:00","3"
"12-03-2021 0:00:00","2021","Mar","11","08-03-2021 0:00:00","07-03-2021 0:00:00","7","3","01-03-2021 0:00:00","31-03-2021 0:00:00","3"
"13-03-2021 0:00:00","2021","Mar","11","08-03-2021 0:00:00","07-03-2021 0:00:00","7","3","01-03-2021 0:00:00","31-03-2021 0:00:00","3"
"14-03-2021 0:00:00","2021","Mar","12","08-03-2021 0:00:00","07-03-2021 0:00:00","7","3","01-03-2021 0:00:00","31-03-2021 0:00:00","3"
"15-03-2021 0:00:00","2021","Mar","12","15-03-2021 0:00:00","14-03-2021 0:00:00","8","3","01-03-2021 0:00:00","31-03-2021 0:00:00","3"
"16-03-2021 0:00:00","2021","Mar","12","15-03-2021 0:00:00","14-03-2021 0:00:00","8","3","01-03-2021 0:00:00","31-03-2021 0:00:00","3"
"17-03-2021 0:00:00","2021","Mar","12","15-03-2021 0:00:00","14-03-2021 0:00:00","8","3","01-03-2021 0:00:00","31-03-2021 0:00:00","3"
"18-03-2021 0:00:00","2021","Mar","12","15-03-2021 0:00:00","14-03-2021 0:00:00","8","3","01-03-2021 0:00:00","31-03-2021 0:00:00","3"
"19-03-2021 0:00:00","2021","Mar","12","15-03-2021 0:00:00","14-03-2021 0:00:00","8","3","01-03-2021 0:00:00","31-03-2021 0:00:00","3"
"20-03-2021 0:00:00","2021","Mar","12","15-03-2021 0:00:00","14-03-2021 0:00:00","8","3","01-03-2021 0:00:00","31-03-2021 0:00:00","3"
"21-03-2021 0:00:00","2021","Mar","13","15-03-2021 0:00:00","14-03-2021 0:00:00","8","3","01-03-2021 0:00:00","31-03-2021 0:00:00","3"
"22-03-2021 0:00:00","2021","Mar","13","22-03-2021 0:00:00","21-03-2021 0:00:00","9","3","01-03-2021 0:00:00","31-03-2021 0:00:00","3"
"23-03-2021 0:00:00","2021","Mar","13","22-03-2021 0:00:00","21-03-2021 0:00:00","9","3","01-03-2021 0:00:00","31-03-2021 0:00:00","3"
"24-03-2021 0:00:00","2021","Mar","13","22-03-2021 0:00:00","21-03-2021 0:00:00","9","3","01-03-2021 0:00:00","31-03-2021 0:00:00","3"
"25-03-2021 0:00:00","2021","Mar","13","22-03-2021 0:00:00","21-03-2021 0:00:00","9","3","01-03-2021 0:00:00","31-03-2021 0:00:00","3"
"26-03-2021 0:00:00","2021","Mar","13","22-03-2021 0:00:00","21-03-2021 0:00:00","9","3","01-03-2021 0:00:00","31-03-2021 0:00:00","3"
"27-03-2021 0:00:00","2021","Mar","13","22-03-2021 0:00:00","21-03-2021 0:00:00","9","3","01-03-2021 0:00:00","31-03-2021 0:00:00","3"
"28-03-2021 0:00:00","2021","Mar","14","22-03-2021 0:00:00","21-03-2021 0:00:00","9","3","01-03-2021 0:00:00","31-03-2021 0:00:00","3"
"29-03-2021 0:00:00","2021","Mar","14","29-03-2021 0:00:00","28-03-2021 0:00:00","10","3","01-03-2021 0:00:00","31-03-2021 0:00:00","3"
"30-03-2021 0:00:00","2021","Mar","14","29-03-2021 0:00:00","28-03-2021 0:00:00","10","3","01-03-2021 0:00:00","31-03-2021 0:00:00","3"
"31-03-2021 0:00:00","2021","Mar","14","29-03-2021 0:00:00","28-03-2021 0:00:00","10","3","01-03-2021 0:00:00","31-03-2021 0:00:00","3"
"01-04-2021 0:00:00","2021","Apr","14","29-03-2021 0:00:00","28-03-2021 0:00:00","10","4","01-04-2021 0:00:00","30-04-2021 0:00:00","4"
"02-04-2021 0:00:00","2021","Apr","14","29-03-2021 0:00:00","28-03-2021 0:00:00","10","4","01-04-2021 0:00:00","30-04-2021 0:00:00","4"
"03-04-2021 0:00:00","2021","Apr","14","29-03-2021 0:00:00","28-03-2021 0:00:00","10","4","01-04-2021 0:00:00","30-04-2021 0:00:00","4"
"04-04-2021 0:00:00","2021","Apr","15","29-03-2021 0:00:00","28-03-2021 0:00:00","10","4","01-04-2021 0:00:00","30-04-2021 0:00:00","4"
"05-04-2021 0:00:00","2021","Apr","15","05-04-2021 0:00:00","04-04-2021 0:00:00","11","4","01-04-2021 0:00:00","30-04-2021 0:00:00","4"
"06-04-2021 0:00:00","2021","Apr","15","05-04-2021 0:00:00","04-04-2021 0:00:00","11","4","01-04-2021 0:00:00","30-04-2021 0:00:00","4"
"07-04-2021 0:00:00","2021","Apr","15","05-04-2021 0:00:00","04-04-2021 0:00:00","11","4","01-04-2021 0:00:00","30-04-2021 0:00:00","4"
"08-04-2021 0:00:00","2021","Apr","15","05-04-2021 0:00:00","04-04-2021 0:00:00","11","4","01-04-2021 0:00:00","30-04-2021 0:00:00","4"
"09-04-2021 0:00:00","2021","Apr","15","05-04-2021 0:00:00","04-04-2021 0:00:00","11","4","01-04-2021 0:00:00","30-04-2021 0:00:00","4"
"10-04-2021 0:00:00","2021","Apr","15","05-04-2021 0:00:00","04-04-2021 0:00:00","11","4","01-04-2021 0:00:00","30-04-2021 0:00:00","4"
"11-04-2021 0:00:00","2021","Apr","16","05-04-2021 0:00:00","04-04-2021 0:00:00","11","4","01-04-2021 0:00:00","30-04-2021 0:00:00","4"
"12-04-2021 0:00:00","2021","Apr","16","12-04-2021 0:00:00","11-04-2021 0:00:00","12","4","01-04-2021 0:00:00","30-04-2021 0:00:00","4"
"13-04-2021 0:00:00","2021","Apr","16","12-04-2021 0:00:00","11-04-2021 0:00:00","12","4","01-04-2021 0:00:00","30-04-2021 0:00:00","4"
"14-04-2021 0:00:00","2021","Apr","16","12-04-2021 0:00:00","11-04-2021 0:00:00","12","4","01-04-2021 0:00:00","30-04-2021 0:00:00","4"
"15-04-2021 0:00:00","2021","Apr","16","12-04-2021 0:00:00","11-04-2021 0:00:00","12","4","01-04-2021 0:00:00","30-04-2021 0:00:00","4"
"16-04-2021 0:00:00","2021","Apr","16","12-04-2021 0:00:00","11-04-2021 0:00:00","12","4","01-04-2021 0:00:00","30-04-2021 0:00:00","4"
"17-04-2021 0:00:00","2021","Apr","16","12-04-2021 0:00:00","11-04-2021 0:00:00","12","4","01-04-2021 0:00:00","30-04-2021 0:00:00","4"
"18-04-2021 0:00:00","2021","Apr","17","12-04-2021 0:00:00","11-04-2021 0:00:00","12","4","01-04-2021 0:00:00","30-04-2021 0:00:00","4"
"19-04-2021 0:00:00","2021","Apr","17","19-04-2021 0:00:00","18-04-2021 0:00:00","13","4","01-04-2021 0:00:00","30-04-2021 0:00:00","4"
"20-04-2021 0:00:00","2021","Apr","17","19-04-2021 0:00:00","18-04-2021 0:00:00","13","4","01-04-2021 0:00:00","30-04-2021 0:00:00","4"
"21-04-2021 0:00:00","2021","Apr","17","19-04-2021 0:00:00","18-04-2021 0:00:00","13","4","01-04-2021 0:00:00","30-04-2021 0:00:00","4"
"22-04-2021 0:00:00","2021","Apr","17","19-04-2021 0:00:00","18-04-2021 0:00:00","13","4","01-04-2021 0:00:00","30-04-2021 0:00:00","4"
"23-04-2021 0:00:00","2021","Apr","17","19-04-2021 0:00:00","18-04-2021 0:00:00","13","4","01-04-2021 0:00:00","30-04-2021 0:00:00","4"
"24-04-2021 0:00:00","2021","Apr","17","19-04-2021 0:00:00","18-04-2021 0:00:00","13","4","01-04-2021 0:00:00","30-04-2021 0:00:00","4"
"25-04-2021 0:00:00","2021","Apr","18","19-04-2021 0:00:00","18-04-2021 0:00:00","13","4","01-04-2021 0:00:00","30-04-2021 0:00:00","4"
"26-04-2021 0:00:00","2021","Apr","18","26-04-2021 0:00:00","25-04-2021 0:00:00","14","4","01-04-2021 0:00:00","30-04-2021 0:00:00","4"
"27-04-2021 0:00:00","2021","Apr","18","26-04-2021 0:00:00","25-04-2021 0:00:00","14","4","01-04-2021 0:00:00","30-04-2021 0:00:00","4"
"28-04-2021 0:00:00","2021","Apr","18","26-04-2021 0:00:00","25-04-2021 0:00:00","14","4","01-04-2021 0:00:00","30-04-2021 0:00:00","4"
"29-04-2021 0:00:00","2021","Apr","18","26-04-2021 0:00:00","25-04-2021 0:00:00","14","4","01-04-2021 0:00:00","30-04-2021 0:00:00","4"
"30-04-2021 0:00:00","2021","Apr","18","26-04-2021 0:00:00","25-04-2021 0:00:00","14","4","01-04-2021 0:00:00","30-04-2021 0:00:00","4"
"01-05-2021 0:00:00","2021","May","18","26-04-2021 0:00:00","25-04-2021 0:00:00","14","5","01-05-2021 0:00:00","03-05-2021 0:00:00","5"
"02-05-2021 0:00:00","2021","May","19","26-04-2021 0:00:00","25-04-2021 0:00:00","14","5","01-05-2021 0:00:00","03-05-2021 0:00:00","5"
"03-05-2021 0:00:00","2021","May","19","03-05-2021 0:00:00","02-05-2021 0:00:00","15","5","01-05-2021 0:00:00","03-05-2021 0:00:00","5"
